order_id,customer_id,order_date,status
1,202,2022-03-10,completed
2,470,2025-03-18,cancelled
3,248,2024-04-25,cancelled
4,270,2024-11-02,cancelled
5,5,2025-09-29,refunded
6,494,2022-05-01,refunded
7,562,2022-05-29,refunded
8,244,2020-01-28,refunded
9,62,2020-07-08,cancelled
10,578,2021-08-12,completed
11,699,2021-12-22,cancelled
12,293,2021-03-29,refunded
13,263,2024-03-26,cancelled
14,302,2022-04-16,cancelled
15,576,2020-05-17,cancelled
16,183,2024-06-05,cancelled
17,344,2023-08-18,cancelled
18,247,2024-06-29,completed
19,554,2025-07-20,completed
20,361,2025-04-18,completed
21,221,2024-09-29,cancelled
22,653,2022-06-02,completed
23,339,2020-02-14,cancelled
24,527,2025-07-14,completed
25,404,2021-10-23,completed
26,280,2020-04-01,cancelled
27,604,2020-11-06,refunded
28,435,2023-06-30,completed
29,275,2025-03-17,cancelled
30,569,2025-09-26,cancelled
31,445,2024-05-01,cancelled
32,68,2021-01-26,refunded
33,102,2025-02-21,completed
34,130,2021-09-16,cancelled
35,677,2024-10-09,cancelled
36,382,2024-05-19,refunded
37,32,2024-02-27,completed
38,468,2021-08-15,completed
39,465,2024-08-02,cancelled
40,222,2021-07-25,refunded
41,311,2021-02-25,completed
42,669,2020-08-25,cancelled
43,538,2021-01-10,refunded
44,171,2021-02-05,cancelled
45,122,2021-05-24,completed
46,417,2025-11-18,completed
47,634,2025-05-06,completed
48,297,2025-10-23,completed
49,18,2021-09-30,refunded
50,54,2022-10-21,cancelled
51,450,2023-06-30,refunded
52,273,2023-03-11,refunded
53,475,2025-12-16,completed
54,346,2021-01-13,completed
55,383,2021-05-16,refunded
56,345,2025-03-29,cancelled
57,490,2022-10-12,completed
58,202,2020-03-24,cancelled
59,442,2025-10-07,completed
60,47,2020-09-19,completed
61,542,2024-11-05,completed
62,493,2020-11-03,cancelled
63,470,2025-03-10,completed
64,259,2023-09-28,completed
65,310,2024-04-27,cancelled
66,465,2021-09-14,refunded
67,252,2025-10-16,completed
68,59,2020-01-06,completed
69,680,2021-10-22,completed
70,141,2025-06-25,cancelled
71,443,2021-02-15,completed
72,160,2024-09-25,refunded
73,6,2025-12-20,cancelled
74,58,2021-03-01,completed
75,647,2022-09-03,completed
76,388,2022-05-19,completed
77,245,2024-04-02,refunded
78,18,2021-02-20,cancelled
79,3,2022-01-24,refunded
80,434,2020-01-09,completed
81,536,2022-11-21,refunded
82,408,2021-12-04,completed
83,386,2021-06-07,cancelled
84,666,2025-05-02,completed
85,512,2022-02-06,cancelled
86,509,2025-11-18,refunded
87,298,2022-11-07,completed
88,532,2020-11-09,completed
89,72,2022-11-28,completed
90,245,2021-05-06,completed
91,343,2020-03-28,cancelled
92,77,2020-08-18,cancelled
93,22,2025-10-08,completed
94,1,2024-02-17,refunded
95,521,2020-10-02,cancelled
96,300,2021-09-24,completed
97,520,2021-09-28,cancelled
98,503,2020-11-02,completed
99,349,2024-11-07,refunded
100,646,2021-04-17,cancelled
101,25,2025-01-01,completed
102,7,2025-04-10,refunded
103,601,2021-05-05,refunded
104,141,2020-09-27,refunded
105,178,2021-12-12,refunded
106,114,2024-11-04,completed
107,412,2020-03-24,cancelled
108,310,2024-11-09,refunded
109,371,2021-03-21,cancelled
110,262,2024-10-13,cancelled
111,241,2020-08-17,completed
112,290,2024-04-29,cancelled
113,147,2022-11-23,completed
114,229,2020-09-17,completed
115,303,2022-11-20,completed
116,271,2024-11-27,cancelled
117,698,2020-02-26,completed
118,526,2023-05-30,refunded
119,628,2025-09-06,cancelled
120,56,2020-11-11,refunded
121,157,2025-12-23,completed
122,224,2022-08-03,completed
123,550,2023-01-28,refunded
124,19,2020-08-16,refunded
125,106,2025-08-07,completed
126,353,2021-02-18,completed
127,152,2021-09-11,cancelled
128,11,2024-01-15,cancelled
129,376,2023-10-28,cancelled
130,238,2022-08-17,refunded
131,327,2021-03-25,cancelled
132,285,2023-06-16,refunded
133,677,2022-07-23,cancelled
134,661,2025-11-18,completed
135,450,2024-09-23,cancelled
136,540,2021-08-18,refunded
137,435,2022-01-31,cancelled
138,437,2022-07-30,refunded
139,636,2025-09-09,completed
140,590,2021-03-06,completed
141,693,2024-03-20,refunded
142,261,2025-10-14,cancelled
143,388,2024-07-10,refunded
144,300,2023-02-12,completed
145,58,2020-12-20,cancelled
146,339,2023-08-24,refunded
147,246,2020-11-21,completed
148,183,2023-09-05,refunded
149,495,2020-03-02,completed
150,562,2024-08-28,completed
151,2,2022-02-09,cancelled
152,593,2022-10-15,completed
153,152,2021-02-25,cancelled
154,60,2024-12-01,refunded
155,426,2022-11-24,cancelled
156,383,2020-08-02,cancelled
157,429,2022-11-08,completed
158,478,2022-10-05,refunded
159,203,2025-06-03,refunded
160,60,2023-12-30,completed
161,553,2023-01-25,completed
162,138,2023-10-04,refunded
163,647,2023-04-10,cancelled
164,42,2023-08-07,cancelled
165,30,2023-09-12,completed
166,274,2020-08-06,cancelled
167,269,2022-03-22,refunded
168,678,2022-03-23,cancelled
169,94,2023-08-26,cancelled
170,59,2023-05-15,completed
171,284,2020-11-01,refunded
172,425,2024-01-31,completed
173,615,2022-01-05,cancelled
174,436,2024-12-29,refunded
175,612,2022-07-22,completed
176,199,2025-11-25,cancelled
177,89,2021-05-18,cancelled
178,72,2020-04-14,cancelled
179,494,2022-01-25,cancelled
180,235,2021-04-06,completed
181,280,2024-11-25,cancelled
182,553,2025-09-28,refunded
183,396,2025-06-30,completed
184,163,2020-02-23,refunded
185,671,2022-10-15,refunded
186,539,2023-07-29,refunded
187,91,2022-10-26,cancelled
188,42,2024-04-22,cancelled
189,323,2023-04-09,cancelled
190,584,2023-11-27,cancelled
191,688,2022-05-19,refunded
192,566,2025-02-18,cancelled
193,272,2021-09-30,completed
194,202,2022-10-29,cancelled
195,569,2023-09-09,refunded
196,365,2023-07-13,completed
197,407,2020-06-23,cancelled
198,473,2025-06-19,refunded
199,54,2022-01-03,completed
200,630,2022-01-18,cancelled
201,522,2023-08-16,completed
202,575,2020-03-15,completed
203,559,2023-04-03,refunded
204,365,2020-10-20,completed
205,655,2023-10-17,completed
206,620,2021-01-31,refunded
207,497,2025-04-12,refunded
208,373,2021-11-28,completed
209,687,2022-07-10,cancelled
210,526,2022-01-08,completed
211,329,2025-01-03,completed
212,59,2020-06-20,completed
213,522,2021-02-09,refunded
214,162,2021-09-01,refunded
215,292,2022-07-02,completed
216,103,2022-08-20,cancelled
217,616,2020-08-09,cancelled
218,375,2021-05-14,cancelled
219,63,2021-12-04,completed
220,459,2021-03-02,cancelled
221,242,2020-09-10,refunded
222,115,2023-10-29,completed
223,387,2021-12-25,cancelled
224,518,2024-02-04,cancelled
225,314,2024-02-16,cancelled
226,225,2022-03-22,completed
227,459,2025-03-24,refunded
228,489,2025-10-07,cancelled
229,474,2021-11-27,cancelled
230,582,2021-09-12,cancelled
231,530,2022-04-26,refunded
232,199,2021-11-29,cancelled
233,651,2021-06-21,refunded
234,129,2023-07-18,completed
235,611,2024-09-12,refunded
236,482,2024-12-18,refunded
237,184,2020-07-19,refunded
238,243,2024-03-21,refunded
239,51,2023-11-15,cancelled
240,171,2021-09-15,cancelled
241,83,2024-10-21,cancelled
242,260,2023-03-31,completed
243,42,2024-12-21,cancelled
244,253,2024-05-18,completed
245,137,2023-07-26,cancelled
246,437,2023-04-23,completed
247,624,2022-01-13,cancelled
248,436,2020-04-20,refunded
249,27,2020-12-03,completed
250,57,2020-02-17,refunded
251,466,2023-10-22,cancelled
252,430,2025-01-30,completed
253,395,2020-03-24,refunded
254,177,2020-03-18,refunded
255,16,2025-01-06,cancelled
256,389,2025-11-27,completed
257,209,2020-03-31,cancelled
258,94,2022-08-05,cancelled
259,81,2024-05-18,refunded
260,362,2024-11-21,completed
261,667,2025-05-16,completed
262,324,2021-03-06,cancelled
263,644,2023-02-18,completed
264,506,2020-04-17,cancelled
265,265,2023-06-22,completed
266,699,2022-09-05,refunded
267,620,2023-05-02,refunded
268,424,2021-03-03,refunded
269,496,2020-02-09,cancelled
270,387,2025-05-08,completed
271,603,2023-11-14,refunded
272,537,2022-01-08,completed
273,678,2020-05-29,completed
274,27,2021-12-14,refunded
275,364,2021-03-29,refunded
276,357,2022-02-22,refunded
277,607,2021-07-29,completed
278,116,2020-05-08,cancelled
279,151,2025-12-26,completed
280,608,2020-05-23,completed
281,546,2025-02-02,cancelled
282,251,2024-04-11,refunded
283,278,2023-04-01,cancelled
284,201,2025-05-17,completed
285,584,2025-01-25,completed
286,570,2023-06-26,refunded
287,339,2020-09-05,refunded
288,201,2021-10-18,completed
289,678,2025-05-12,refunded
290,611,2025-09-04,refunded
291,170,2025-01-01,completed
292,318,2023-02-14,cancelled
293,428,2025-07-26,completed
294,101,2020-05-03,cancelled
295,622,2021-10-18,refunded
296,632,2021-11-11,cancelled
297,28,2020-10-11,completed
298,362,2020-01-04,cancelled
299,231,2021-05-11,refunded
300,356,2024-07-09,completed
301,212,2023-11-03,refunded
302,316,2024-05-02,refunded
303,450,2024-07-20,completed
304,322,2021-12-11,completed
305,85,2020-05-08,cancelled
306,606,2023-09-08,completed
307,580,2020-02-17,completed
308,660,2021-11-20,completed
309,636,2020-02-20,cancelled
310,56,2024-02-25,cancelled
311,667,2020-10-27,refunded
312,312,2020-08-30,cancelled
313,495,2020-04-24,cancelled
314,396,2022-06-22,completed
315,197,2021-10-18,completed
316,376,2024-05-27,refunded
317,348,2020-05-25,refunded
318,250,2024-07-20,cancelled
319,432,2020-03-18,completed
320,199,2020-04-26,completed
321,38,2022-10-04,refunded
322,191,2020-01-26,cancelled
323,456,2021-07-23,refunded
324,322,2025-06-05,refunded
325,350,2021-09-21,cancelled
326,671,2024-02-09,refunded
327,25,2024-06-26,cancelled
328,580,2021-12-08,cancelled
329,473,2024-09-06,refunded
330,93,2023-12-18,cancelled
331,613,2022-10-13,cancelled
332,500,2024-09-19,cancelled
333,127,2020-03-26,refunded
334,506,2024-10-24,completed
335,258,2021-06-09,cancelled
336,655,2021-11-05,refunded
337,670,2025-12-17,completed
338,371,2020-07-13,completed
339,645,2025-12-31,refunded
340,415,2024-01-14,refunded
341,579,2025-10-06,refunded
342,579,2022-03-26,cancelled
343,693,2024-07-11,refunded
344,511,2024-11-15,cancelled
345,563,2025-05-09,cancelled
346,68,2020-03-16,cancelled
347,31,2022-04-16,refunded
348,670,2022-07-08,completed
349,586,2023-04-16,completed
350,139,2023-11-25,refunded
351,243,2024-01-23,completed
352,440,2020-05-10,completed
353,419,2025-12-16,refunded
354,213,2023-04-21,cancelled
355,441,2020-07-15,completed
356,100,2022-02-16,completed
357,1,2025-04-18,refunded
358,156,2025-06-30,cancelled
359,223,2023-01-11,completed
360,358,2021-03-27,cancelled
361,187,2025-12-02,cancelled
362,60,2024-10-21,completed
363,556,2023-08-19,completed
364,390,2022-10-06,completed
365,220,2021-12-01,completed
366,613,2021-04-18,completed
367,354,2025-04-10,cancelled
368,655,2025-06-07,refunded
369,143,2022-08-24,completed
370,422,2020-08-15,refunded
371,57,2022-12-25,completed
372,366,2023-11-12,cancelled
373,371,2022-07-07,cancelled
374,190,2024-03-15,refunded
375,175,2021-01-21,refunded
376,13,2022-03-28,cancelled
377,14,2025-02-15,cancelled
378,246,2025-06-09,completed
379,590,2024-03-13,cancelled
380,644,2021-07-13,completed
381,183,2025-01-17,completed
382,575,2020-02-18,refunded
383,253,2022-09-12,completed
384,525,2022-08-08,completed
385,231,2022-03-09,completed
386,185,2022-01-08,cancelled
387,199,2021-02-14,refunded
388,206,2024-11-24,refunded
389,666,2025-04-13,completed
390,455,2022-02-17,cancelled
391,545,2020-08-17,cancelled
392,106,2024-07-06,refunded
393,357,2021-03-20,completed
394,514,2020-05-05,completed
395,268,2022-08-10,refunded
396,629,2023-08-26,refunded
397,643,2021-02-22,cancelled
398,510,2025-09-12,completed
399,21,2024-09-15,cancelled
400,42,2020-01-17,completed
401,343,2025-11-17,cancelled
402,68,2023-01-28,cancelled
403,679,2020-01-23,cancelled
404,204,2020-11-11,completed
405,57,2020-01-01,completed
406,341,2023-03-11,cancelled
407,342,2022-06-30,cancelled
408,675,2023-11-14,refunded
409,263,2021-11-28,completed
410,639,2021-01-28,cancelled
411,90,2023-01-31,refunded
412,665,2020-04-03,cancelled
413,279,2025-03-06,completed
414,321,2025-09-30,refunded
415,138,2021-10-01,completed
416,265,2021-07-29,refunded
417,133,2025-12-10,refunded
418,166,2023-09-09,refunded
419,38,2021-09-24,completed
420,523,2020-09-12,cancelled
421,252,2023-12-27,refunded
422,570,2020-08-18,refunded
423,305,2025-11-11,completed
424,669,2023-06-15,completed
425,599,2024-03-13,refunded
426,124,2025-04-12,cancelled
427,286,2020-04-01,refunded
428,436,2022-08-10,refunded
429,271,2020-10-27,cancelled
430,329,2020-03-28,refunded
431,22,2022-11-17,cancelled
432,617,2021-12-19,completed
433,304,2020-05-11,refunded
434,662,2023-10-09,cancelled
435,543,2024-10-05,cancelled
436,134,2025-02-09,refunded
437,534,2022-05-17,refunded
438,563,2022-05-11,cancelled
439,161,2022-08-11,cancelled
440,672,2023-02-07,refunded
441,435,2025-07-08,refunded
442,699,2020-01-23,refunded
443,136,2024-09-26,refunded
444,135,2025-12-15,cancelled
445,186,2020-09-03,cancelled
446,404,2020-04-03,refunded
447,320,2024-12-27,refunded
448,209,2020-11-14,refunded
449,685,2020-12-02,refunded
450,281,2020-05-08,refunded
451,190,2021-02-12,cancelled
452,700,2021-12-02,refunded
453,219,2022-11-25,cancelled
454,243,2025-04-30,refunded
455,603,2020-09-19,completed
456,71,2024-03-29,refunded
457,523,2021-03-29,completed
458,282,2020-01-09,completed
459,281,2021-08-03,cancelled
460,59,2022-06-16,refunded
461,351,2025-04-12,cancelled
462,628,2025-04-06,cancelled
463,51,2021-07-10,cancelled
464,118,2023-07-05,cancelled
465,564,2020-03-13,refunded
466,51,2024-01-10,cancelled
467,110,2020-12-27,cancelled
468,640,2023-05-03,cancelled
469,477,2024-12-14,cancelled
470,300,2021-04-29,refunded
471,672,2020-08-30,completed
472,359,2021-10-31,cancelled
473,20,2022-06-17,completed
474,452,2024-09-03,completed
475,582,2023-01-13,completed
476,323,2021-04-30,completed
477,200,2025-08-28,cancelled
478,19,2024-06-29,refunded
479,356,2022-06-11,completed
480,646,2023-07-02,completed
481,76,2022-01-29,refunded
482,97,2023-03-07,completed
483,281,2022-04-01,cancelled
484,382,2023-09-16,cancelled
485,520,2021-07-04,cancelled
486,118,2021-01-01,refunded
487,514,2021-02-02,refunded
488,525,2021-03-06,refunded
489,496,2021-08-28,completed
490,278,2022-08-30,completed
491,401,2021-12-04,completed
492,378,2020-10-08,cancelled
493,217,2024-03-01,cancelled
494,636,2020-12-27,completed
495,674,2021-01-06,cancelled
496,501,2023-06-17,completed
497,70,2021-07-10,completed
498,516,2021-07-02,refunded
499,665,2023-08-20,refunded
500,85,2024-04-28,completed
501,122,2024-05-15,cancelled
502,337,2022-06-11,completed
503,396,2025-12-12,cancelled
504,481,2025-05-10,completed
505,189,2024-10-11,completed
506,354,2021-09-11,refunded
507,628,2022-12-07,completed
508,399,2023-09-18,completed
509,437,2023-01-22,refunded
510,191,2021-04-07,cancelled
511,86,2023-04-27,completed
512,25,2025-04-18,cancelled
513,466,2023-12-17,refunded
514,400,2023-03-18,completed
515,588,2021-05-23,cancelled
516,544,2025-11-18,refunded
517,43,2020-07-11,completed
518,544,2021-02-14,refunded
519,265,2025-09-15,completed
520,683,2024-11-14,refunded
521,476,2025-02-05,cancelled
522,148,2022-07-08,refunded
523,24,2022-09-16,refunded
524,399,2024-01-05,completed
525,212,2022-12-30,cancelled
526,590,2023-03-05,refunded
527,560,2025-03-11,refunded
528,393,2023-07-01,cancelled
529,114,2025-07-30,cancelled
530,527,2022-08-13,completed
531,275,2024-06-08,cancelled
532,482,2021-05-29,cancelled
533,690,2022-09-28,cancelled
534,145,2020-04-21,refunded
535,229,2020-01-08,cancelled
536,74,2020-10-24,cancelled
537,164,2021-04-25,cancelled
538,676,2022-09-22,cancelled
539,247,2025-06-02,refunded
540,403,2023-12-21,refunded
541,519,2023-08-01,refunded
542,40,2022-08-24,cancelled
543,126,2023-11-23,refunded
544,663,2024-06-26,refunded
545,383,2023-05-23,completed
546,181,2025-03-30,cancelled
547,680,2023-06-21,cancelled
548,113,2022-03-18,refunded
549,188,2024-01-20,cancelled
550,195,2025-04-16,completed
551,314,2023-07-07,refunded
552,671,2021-10-05,cancelled
553,564,2022-04-08,cancelled
554,119,2021-09-16,cancelled
555,693,2021-11-29,completed
556,16,2022-09-01,cancelled
557,695,2025-06-19,cancelled
558,19,2022-03-14,cancelled
559,187,2020-03-18,refunded
560,431,2025-04-06,refunded
561,317,2023-02-25,refunded
562,488,2021-07-22,cancelled
563,211,2023-11-02,completed
564,487,2021-11-21,refunded
565,288,2021-03-16,cancelled
566,652,2022-02-11,refunded
567,52,2021-12-03,completed
568,251,2023-05-18,cancelled
569,168,2025-06-23,completed
570,254,2025-10-12,refunded
571,5,2022-10-30,cancelled
572,263,2025-08-28,refunded
573,579,2021-10-23,refunded
574,145,2021-03-21,refunded
575,35,2020-03-02,refunded
576,510,2020-08-31,completed
577,516,2021-10-09,refunded
578,100,2023-11-14,cancelled
579,218,2022-11-28,cancelled
580,656,2021-03-31,refunded
581,510,2023-09-07,completed
582,681,2024-09-12,completed
583,28,2024-02-08,cancelled
584,597,2023-12-26,completed
585,219,2022-04-22,refunded
586,101,2020-07-06,completed
587,675,2025-12-26,cancelled
588,199,2024-08-11,cancelled
589,379,2025-02-18,completed
590,619,2020-05-29,completed
591,195,2022-01-28,cancelled
592,672,2021-07-06,completed
593,340,2022-01-01,completed
594,97,2022-12-16,refunded
595,461,2021-06-21,refunded
596,669,2024-12-24,completed
597,498,2025-09-04,completed
598,193,2023-10-21,completed
599,252,2023-10-10,refunded
600,356,2025-11-02,completed
601,156,2021-05-15,refunded
602,507,2022-08-18,refunded
603,624,2023-06-21,cancelled
604,608,2023-02-22,completed
605,209,2024-03-06,refunded
606,430,2021-06-03,cancelled
607,464,2023-01-05,cancelled
608,543,2023-03-31,cancelled
609,493,2024-10-02,completed
610,121,2021-12-16,refunded
611,182,2020-02-27,completed
612,461,2025-10-04,refunded
613,525,2023-07-07,cancelled
614,20,2025-02-24,refunded
615,431,2024-06-25,completed
616,346,2025-05-21,refunded
617,675,2021-10-19,cancelled
618,311,2022-10-18,refunded
619,252,2020-04-22,refunded
620,134,2023-12-20,refunded
621,167,2024-06-06,refunded
622,512,2022-04-23,refunded
623,33,2020-07-25,completed
624,410,2021-09-22,cancelled
625,441,2022-09-16,completed
626,483,2022-12-01,completed
627,397,2022-10-12,refunded
628,624,2024-07-18,cancelled
629,62,2022-09-28,refunded
630,599,2025-07-31,completed
631,690,2021-06-10,refunded
632,194,2025-09-12,cancelled
633,561,2021-02-20,cancelled
634,373,2024-03-17,refunded
635,533,2021-04-11,completed
636,26,2021-05-22,refunded
637,191,2023-03-17,completed
638,633,2022-06-02,refunded
639,551,2023-04-27,completed
640,510,2024-12-30,completed
641,412,2025-05-22,refunded
642,272,2020-08-05,completed
643,460,2024-12-11,completed
644,584,2024-03-06,cancelled
645,74,2020-08-08,cancelled
646,330,2023-10-30,refunded
647,523,2025-11-09,completed
648,588,2024-10-30,completed
649,179,2020-04-19,cancelled
650,330,2021-09-22,completed
651,463,2020-01-03,refunded
652,605,2021-09-04,completed
653,123,2023-09-01,completed
654,363,2020-04-07,cancelled
655,335,2023-05-06,refunded
656,385,2020-11-13,completed
657,381,2020-05-04,cancelled
658,536,2022-11-27,refunded
659,155,2021-04-27,cancelled
660,259,2021-03-25,cancelled
661,193,2025-02-06,completed
662,239,2025-11-10,completed
663,611,2022-05-15,refunded
664,245,2023-03-17,refunded
665,221,2022-06-30,cancelled
666,194,2022-04-18,refunded
667,80,2024-10-23,completed
668,116,2021-10-26,cancelled
669,324,2023-12-29,refunded
670,389,2023-05-22,completed
671,422,2023-06-11,completed
672,60,2024-06-29,completed
673,593,2024-03-24,refunded
674,488,2024-04-17,refunded
675,697,2024-10-17,cancelled
676,327,2025-07-29,completed
677,515,2025-04-09,refunded
678,599,2025-12-02,completed
679,405,2021-02-12,refunded
680,565,2023-09-08,cancelled
681,350,2023-04-25,completed
682,542,2024-03-20,completed
683,167,2021-11-05,completed
684,334,2021-02-26,completed
685,547,2021-12-21,refunded
686,372,2023-01-21,refunded
687,165,2022-07-20,cancelled
688,594,2024-05-21,cancelled
689,307,2023-09-18,refunded
690,242,2025-06-20,refunded
691,435,2021-05-31,refunded
692,34,2021-11-24,cancelled
693,55,2021-02-22,refunded
694,198,2025-10-23,cancelled
695,645,2023-12-02,cancelled
696,376,2022-06-22,completed
697,315,2024-04-03,refunded
698,554,2023-01-23,completed
699,15,2020-08-09,cancelled
700,200,2022-01-01,completed
701,226,2024-08-18,refunded
702,2,2022-07-05,refunded
703,392,2023-09-24,cancelled
704,316,2024-12-19,cancelled
705,140,2021-03-28,completed
706,161,2025-12-25,refunded
707,620,2022-11-11,cancelled
708,216,2025-04-07,refunded
709,83,2022-12-16,completed
710,20,2022-03-05,completed
711,655,2022-08-28,completed
712,251,2022-06-09,cancelled
713,166,2024-11-24,cancelled
714,537,2025-01-11,cancelled
715,258,2020-03-14,completed
716,303,2022-04-28,completed
717,463,2025-01-17,refunded
718,416,2023-09-01,cancelled
719,579,2024-06-04,completed
720,53,2025-06-04,cancelled
721,406,2024-10-21,completed
722,44,2020-02-04,cancelled
723,467,2021-10-16,cancelled
724,171,2022-08-20,completed
725,227,2023-08-03,refunded
726,51,2021-04-20,completed
727,603,2023-10-19,refunded
728,443,2021-12-05,refunded
729,320,2022-05-16,completed
730,26,2024-01-13,refunded
731,213,2023-04-01,refunded
732,536,2021-05-09,refunded
733,667,2025-12-02,completed
734,454,2022-04-30,completed
735,515,2021-07-22,completed
736,323,2022-10-03,completed
737,605,2023-10-06,completed
738,398,2024-01-03,completed
739,36,2022-02-12,cancelled
740,383,2020-09-26,completed
741,661,2022-03-02,refunded
742,315,2022-07-21,refunded
743,398,2023-10-02,completed
744,517,2024-05-24,refunded
745,468,2020-12-12,refunded
746,619,2024-04-20,cancelled
747,147,2025-09-25,refunded
748,338,2025-12-15,cancelled
749,436,2023-12-14,completed
750,306,2020-05-25,refunded
751,496,2023-11-14,cancelled
752,14,2020-06-21,cancelled
753,380,2024-09-04,cancelled
754,613,2025-12-05,completed
755,138,2020-11-12,cancelled
756,54,2023-11-07,cancelled
757,235,2023-02-21,completed
758,529,2020-08-09,cancelled
759,84,2020-12-29,refunded
760,586,2021-12-09,completed
761,9,2021-09-19,refunded
762,682,2020-06-09,cancelled
763,226,2021-10-25,completed
764,395,2024-11-25,completed
765,641,2022-12-20,cancelled
766,201,2024-06-16,cancelled
767,88,2024-04-19,refunded
768,76,2025-08-13,completed
769,446,2023-06-02,completed
770,379,2020-03-05,refunded
771,318,2020-05-04,cancelled
772,452,2025-04-13,cancelled
773,408,2023-10-02,completed
774,205,2022-10-30,refunded
775,474,2024-09-19,refunded
776,282,2022-08-03,completed
777,103,2025-10-28,completed
778,51,2025-02-22,completed
779,496,2025-05-03,refunded
780,265,2025-04-30,completed
781,623,2024-07-09,cancelled
782,474,2022-11-21,completed
783,621,2020-05-11,refunded
784,85,2020-06-21,cancelled
785,647,2024-04-08,refunded
786,683,2025-02-24,cancelled
787,651,2021-10-15,completed
788,63,2023-04-15,completed
789,89,2024-01-13,completed
790,474,2022-08-27,refunded
791,522,2021-07-08,completed
792,510,2021-05-31,completed
793,179,2024-03-29,refunded
794,542,2024-06-18,cancelled
795,153,2024-02-12,refunded
796,649,2022-11-12,completed
797,271,2024-08-19,refunded
798,5,2021-11-28,refunded
799,30,2023-12-22,cancelled
800,465,2025-02-01,completed
801,358,2020-06-25,refunded
802,45,2021-12-09,refunded
803,694,2021-11-14,refunded
804,239,2025-12-22,cancelled
805,174,2021-08-15,completed
806,607,2023-07-01,refunded
807,611,2023-06-02,cancelled
808,365,2020-10-22,completed
809,195,2024-03-18,completed
810,555,2021-09-22,completed
811,517,2020-06-29,completed
812,62,2022-10-01,completed
813,547,2022-12-29,refunded
814,279,2024-12-16,completed
815,241,2020-08-02,completed
816,646,2020-02-07,completed
817,11,2025-09-27,refunded
818,159,2020-10-13,completed
819,534,2023-11-22,cancelled
820,431,2022-11-02,refunded
821,501,2025-05-26,cancelled
822,452,2025-08-08,cancelled
823,497,2023-01-23,completed
824,539,2022-08-12,refunded
825,216,2022-05-15,cancelled
826,471,2021-02-20,refunded
827,475,2022-01-06,completed
828,514,2025-10-04,refunded
829,55,2020-02-11,completed
830,510,2021-09-06,cancelled
831,692,2020-08-08,completed
832,459,2021-04-17,refunded
833,30,2021-10-29,cancelled
834,403,2022-08-29,cancelled
835,46,2025-03-26,refunded
836,540,2023-10-19,refunded
837,198,2023-04-07,cancelled
838,516,2021-12-01,completed
839,258,2024-04-13,completed
840,337,2025-07-03,completed
841,95,2020-05-16,completed
842,100,2025-12-15,cancelled
843,282,2022-08-09,cancelled
844,638,2020-07-23,cancelled
845,321,2023-03-21,refunded
846,120,2023-11-27,cancelled
847,12,2023-11-21,cancelled
848,255,2024-06-27,cancelled
849,602,2024-06-15,refunded
850,486,2025-10-01,refunded
851,294,2021-05-11,completed
852,218,2023-09-06,cancelled
853,509,2024-12-14,completed
854,422,2025-10-09,completed
855,264,2025-07-11,cancelled
856,416,2024-07-19,refunded
857,605,2024-07-06,refunded
858,532,2021-10-16,completed
859,114,2020-09-01,refunded
860,600,2025-09-18,refunded
861,352,2025-01-03,cancelled
862,56,2022-05-05,refunded
863,167,2025-08-07,refunded
864,371,2021-08-08,cancelled
865,213,2024-09-02,completed
866,224,2021-01-02,refunded
867,431,2024-12-07,refunded
868,485,2024-06-08,refunded
869,266,2025-04-19,refunded
870,221,2024-03-22,cancelled
871,663,2022-05-09,refunded
872,209,2023-08-08,refunded
873,376,2025-12-28,cancelled
874,12,2020-03-10,refunded
875,280,2022-11-02,cancelled
876,447,2024-03-30,refunded
877,521,2025-09-07,cancelled
878,508,2020-10-24,completed
879,362,2022-12-01,cancelled
880,64,2024-08-29,cancelled
881,79,2022-11-01,refunded
882,7,2021-05-11,cancelled
883,405,2023-02-27,completed
884,686,2023-09-30,cancelled
885,690,2025-12-02,completed
886,45,2025-03-11,cancelled
887,217,2022-12-30,completed
888,238,2021-03-06,cancelled
889,246,2020-02-27,refunded
890,459,2021-09-10,cancelled
891,386,2025-04-03,cancelled
892,575,2023-05-05,completed
893,438,2024-09-12,cancelled
894,181,2020-05-21,refunded
895,422,2023-07-13,refunded
896,542,2025-01-03,cancelled
897,592,2020-05-09,completed
898,116,2021-02-20,completed
899,428,2025-01-25,completed
900,228,2021-06-19,cancelled
901,43,2023-03-05,completed
902,121,2025-03-19,refunded
903,406,2021-04-08,refunded
904,105,2025-06-08,cancelled
905,470,2023-01-12,cancelled
906,335,2021-01-03,cancelled
907,34,2023-06-04,cancelled
908,134,2024-11-15,cancelled
909,578,2025-09-14,refunded
910,498,2024-06-23,refunded
911,638,2022-07-05,refunded
912,331,2023-12-27,completed
913,469,2021-03-15,cancelled
914,502,2020-12-31,refunded
915,486,2021-04-27,refunded
916,384,2023-05-26,refunded
917,503,2024-04-12,completed
918,22,2025-08-25,refunded
919,472,2021-05-08,completed
920,56,2021-07-12,refunded
921,453,2025-11-01,refunded
922,392,2023-11-15,refunded
923,552,2021-07-28,refunded
924,513,2023-02-08,refunded
925,196,2023-01-27,refunded
926,695,2021-08-10,completed
927,442,2020-04-29,completed
928,294,2023-05-07,cancelled
929,143,2025-07-27,refunded
930,490,2022-06-23,completed
931,464,2025-07-10,cancelled
932,612,2022-09-08,refunded
933,259,2023-05-28,cancelled
934,111,2020-11-14,refunded
935,110,2024-02-17,completed
936,146,2020-03-13,completed
937,17,2023-05-01,refunded
938,589,2021-08-18,cancelled
939,357,2020-02-11,cancelled
940,479,2024-12-05,refunded
941,410,2024-05-13,cancelled
942,607,2020-09-05,completed
943,342,2024-07-27,cancelled
944,261,2025-10-21,refunded
945,445,2021-11-28,refunded
946,369,2023-11-02,refunded
947,370,2020-02-16,cancelled
948,3,2025-08-10,completed
949,176,2023-03-23,completed
950,377,2021-09-07,cancelled
951,258,2024-05-04,completed
952,211,2024-11-28,completed
953,522,2023-08-27,cancelled
954,64,2024-01-27,completed
955,137,2023-05-06,refunded
956,391,2024-07-31,completed
957,589,2020-12-26,cancelled
958,462,2022-10-10,refunded
959,434,2025-03-03,refunded
960,411,2021-03-09,cancelled
961,469,2024-01-10,refunded
962,227,2020-07-10,completed
963,275,2020-09-16,cancelled
964,341,2021-10-27,completed
965,393,2023-04-04,cancelled
966,251,2023-10-04,cancelled
967,210,2020-07-02,completed
968,140,2024-03-31,cancelled
969,18,2020-01-02,refunded
970,616,2025-02-20,refunded
971,169,2020-03-10,refunded
972,541,2023-12-11,completed
973,372,2021-07-02,refunded
974,331,2020-03-23,completed
975,107,2021-02-23,cancelled
976,64,2023-07-13,completed
977,537,2024-06-25,completed
978,186,2021-10-07,refunded
979,594,2024-02-28,cancelled
980,362,2022-12-07,cancelled
981,665,2025-01-09,cancelled
982,41,2024-08-31,cancelled
983,95,2021-12-13,completed
984,599,2021-01-28,completed
985,178,2023-01-11,refunded
986,38,2024-10-27,cancelled
987,562,2023-01-02,cancelled
988,652,2021-11-24,cancelled
989,297,2025-11-01,completed
990,239,2021-11-24,completed
991,603,2020-05-21,completed
992,430,2021-11-08,cancelled
993,451,2025-04-12,refunded
994,557,2025-01-25,refunded
995,509,2024-12-04,refunded
996,364,2022-09-19,completed
997,78,2022-11-12,completed
998,640,2024-10-01,refunded
999,173,2025-05-27,completed
1000,370,2023-09-28,cancelled
1001,373,2021-03-18,cancelled
1002,558,2021-01-18,completed
1003,675,2023-06-29,cancelled
1004,128,2020-02-14,completed
1005,218,2023-05-02,completed
1006,616,2021-03-06,completed
1007,115,2021-05-13,refunded
1008,567,2025-12-13,cancelled
1009,494,2025-07-21,cancelled
1010,630,2021-11-26,completed
1011,499,2021-12-29,refunded
1012,309,2020-04-10,cancelled
1013,28,2023-05-14,refunded
1014,350,2021-04-19,refunded
1015,609,2021-10-16,refunded
1016,555,2021-07-07,cancelled
1017,537,2021-10-30,completed
1018,465,2020-09-01,cancelled
1019,446,2023-01-02,refunded
1020,307,2025-10-02,cancelled
1021,165,2021-06-16,refunded
1022,308,2021-10-11,cancelled
1023,687,2021-04-03,cancelled
1024,222,2022-11-22,completed
1025,626,2025-07-01,refunded
1026,41,2025-06-20,refunded
1027,413,2025-08-22,completed
1028,260,2022-02-16,cancelled
1029,588,2025-09-20,refunded
1030,73,2023-08-26,refunded
1031,62,2022-08-31,completed
1032,165,2022-02-06,cancelled
1033,275,2020-02-02,cancelled
1034,411,2022-09-17,cancelled
1035,31,2020-08-11,refunded
1036,81,2021-09-19,completed
1037,166,2021-12-13,refunded
1038,581,2022-08-09,refunded
1039,202,2023-07-20,refunded
1040,528,2020-09-26,completed
1041,610,2023-02-20,refunded
1042,314,2022-04-03,cancelled
1043,663,2022-12-11,cancelled
1044,700,2022-11-20,completed
1045,566,2023-04-01,completed
1046,313,2021-01-26,cancelled
1047,445,2020-03-11,cancelled
1048,480,2021-01-03,cancelled
1049,521,2023-09-24,cancelled
1050,328,2020-07-05,refunded
1051,602,2020-08-29,cancelled
1052,182,2020-09-10,refunded
1053,171,2023-09-22,cancelled
1054,403,2022-12-02,refunded
1055,238,2025-05-12,completed
1056,536,2020-07-13,refunded
1057,88,2021-08-11,refunded
1058,293,2024-11-13,refunded
1059,371,2022-04-08,refunded
1060,440,2020-12-23,refunded
1061,366,2020-03-23,cancelled
1062,478,2024-01-08,completed
1063,99,2022-06-10,cancelled
1064,670,2020-09-20,refunded
1065,173,2024-04-25,cancelled
1066,116,2022-01-04,refunded
1067,327,2022-09-25,completed
1068,30,2020-04-26,completed
1069,219,2022-07-27,completed
1070,519,2023-06-10,cancelled
1071,261,2020-06-29,completed
1072,484,2023-03-11,completed
1073,337,2025-07-31,cancelled
1074,7,2021-03-04,cancelled
1075,468,2022-12-19,cancelled
1076,90,2025-07-14,cancelled
1077,659,2020-09-04,completed
1078,107,2023-11-22,refunded
1079,566,2024-11-14,refunded
1080,51,2022-08-14,cancelled
1081,650,2021-07-29,cancelled
1082,514,2025-05-05,cancelled
1083,521,2023-01-18,completed
1084,208,2021-04-28,completed
1085,488,2022-01-11,cancelled
1086,19,2025-10-27,refunded
1087,173,2023-08-08,refunded
1088,47,2023-02-26,refunded
1089,434,2025-10-11,cancelled
1090,479,2022-08-09,cancelled
1091,577,2025-09-20,cancelled
1092,215,2023-07-19,refunded
1093,200,2024-02-28,refunded
1094,10,2024-12-23,cancelled
1095,260,2024-10-18,completed
1096,294,2024-09-14,cancelled
1097,634,2021-04-07,completed
1098,181,2025-10-11,cancelled
1099,464,2022-03-29,completed
1100,178,2023-09-30,refunded
1101,16,2020-12-03,completed
1102,568,2024-08-07,cancelled
1103,49,2021-01-25,completed
1104,117,2021-01-26,completed
1105,693,2021-10-02,refunded
1106,376,2025-12-22,cancelled
1107,101,2024-09-17,refunded
1108,21,2020-02-20,completed
1109,594,2025-06-06,completed
1110,580,2025-11-03,cancelled
1111,644,2023-05-09,cancelled
1112,595,2021-04-24,refunded
1113,234,2021-05-16,cancelled
1114,609,2025-12-24,refunded
1115,38,2021-01-03,completed
1116,172,2023-11-05,cancelled
1117,142,2021-11-17,cancelled
1118,321,2024-06-05,completed
1119,593,2025-02-04,cancelled
1120,289,2022-02-23,cancelled
1121,292,2020-01-22,completed
1122,285,2024-11-08,completed
1123,621,2025-04-13,refunded
1124,333,2021-05-08,cancelled
1125,378,2024-06-11,cancelled
1126,536,2022-04-13,refunded
1127,514,2020-03-01,refunded
1128,176,2022-12-11,refunded
1129,101,2021-10-29,cancelled
1130,3,2020-02-27,completed
1131,73,2025-09-10,completed
1132,492,2023-10-27,completed
1133,439,2023-07-04,refunded
1134,279,2020-07-21,completed
1135,518,2021-05-06,cancelled
1136,316,2024-09-29,cancelled
1137,326,2021-06-04,cancelled
1138,564,2021-03-02,completed
1139,291,2024-11-14,refunded
1140,8,2024-11-06,completed
1141,152,2025-01-30,refunded
1142,297,2022-02-02,refunded
1143,53,2020-10-21,refunded
1144,160,2020-08-13,cancelled
1145,434,2025-07-30,completed
1146,629,2023-07-16,refunded
1147,302,2023-01-05,cancelled
1148,595,2020-04-20,cancelled
1149,404,2020-01-10,cancelled
1150,281,2025-07-11,completed
1151,75,2023-09-27,refunded
1152,384,2025-01-27,completed
1153,488,2023-02-16,completed
1154,76,2020-05-18,completed
1155,446,2020-01-11,completed
1156,289,2021-12-12,refunded
1157,541,2024-08-22,completed
1158,128,2025-06-22,refunded
1159,216,2022-08-24,cancelled
1160,51,2023-12-21,completed
1161,496,2021-01-17,completed
1162,104,2024-01-27,refunded
1163,233,2022-06-08,refunded
1164,199,2021-11-01,completed
1165,352,2022-01-16,refunded
1166,320,2021-08-03,cancelled
1167,630,2023-12-08,refunded
1168,687,2020-05-24,cancelled
1169,451,2020-02-15,cancelled
1170,199,2022-09-07,refunded
1171,469,2021-05-08,completed
1172,72,2023-02-06,refunded
1173,206,2020-03-21,cancelled
1174,478,2023-07-23,completed
1175,202,2020-10-06,completed
1176,199,2023-03-31,cancelled
1177,6,2025-02-23,cancelled
1178,670,2023-11-30,refunded
1179,154,2021-06-20,completed
1180,15,2022-12-25,refunded
1181,45,2024-09-30,refunded
1182,98,2022-08-24,cancelled
1183,576,2024-02-17,refunded
1184,122,2024-07-26,cancelled
1185,5,2025-10-10,refunded
1186,686,2021-10-07,completed
1187,121,2025-11-14,completed
1188,541,2022-09-28,completed
1189,502,2022-09-28,cancelled
1190,360,2024-03-15,cancelled
1191,587,2022-06-01,completed
1192,313,2025-07-04,cancelled
1193,324,2021-10-16,cancelled
1194,447,2020-10-05,refunded
1195,79,2021-04-30,cancelled
1196,130,2022-02-21,completed
1197,639,2024-07-19,refunded
1198,350,2025-08-18,refunded
1199,479,2020-12-25,completed
1200,551,2025-05-09,cancelled
1201,690,2022-05-15,refunded
1202,558,2025-03-15,completed
1203,361,2020-02-08,completed
1204,401,2021-10-31,completed
1205,698,2022-06-20,completed
1206,682,2021-02-05,refunded
1207,686,2025-07-31,completed
1208,416,2023-08-25,refunded
1209,698,2023-04-07,refunded
1210,280,2020-07-25,cancelled
1211,623,2023-09-18,completed
1212,377,2023-11-14,refunded
1213,86,2021-01-03,cancelled
1214,366,2023-09-13,completed
1215,173,2021-12-06,completed
1216,344,2025-02-20,completed
1217,308,2023-11-11,completed
1218,462,2023-03-23,cancelled
1219,291,2025-03-29,completed
1220,156,2023-08-04,completed
1221,302,2025-06-26,completed
1222,82,2025-12-08,cancelled
1223,619,2020-04-02,cancelled
1224,463,2024-10-24,completed
1225,423,2021-10-25,cancelled
1226,697,2022-09-10,cancelled
1227,574,2022-01-09,cancelled
1228,699,2024-11-24,completed
1229,376,2021-12-02,completed
1230,304,2020-01-10,refunded
1231,422,2025-02-14,cancelled
1232,104,2025-09-28,refunded
1233,508,2023-07-29,cancelled
1234,93,2022-07-29,refunded
1235,565,2025-03-15,completed
1236,62,2025-07-29,cancelled
1237,466,2021-02-21,cancelled
1238,479,2022-04-12,cancelled
1239,626,2023-11-06,cancelled
1240,669,2021-09-13,refunded
1241,565,2024-08-06,completed
1242,351,2022-04-22,cancelled
1243,237,2020-04-10,refunded
1244,173,2025-08-21,cancelled
1245,634,2024-01-28,cancelled
1246,269,2024-06-18,completed
1247,99,2024-04-17,refunded
1248,504,2023-09-19,cancelled
1249,644,2021-09-28,cancelled
1250,23,2022-08-26,refunded
1251,153,2020-09-25,cancelled
1252,41,2024-07-17,completed
1253,393,2024-05-29,completed
1254,448,2025-11-15,refunded
1255,577,2022-01-07,completed
1256,641,2021-11-13,refunded
1257,191,2020-06-29,completed
1258,106,2023-03-11,refunded
1259,441,2023-01-01,completed
1260,126,2024-04-29,cancelled
1261,138,2023-09-16,refunded
1262,514,2024-09-24,cancelled
1263,631,2020-12-15,refunded
1264,198,2020-07-16,cancelled
1265,285,2022-10-26,completed
1266,309,2023-07-29,refunded
1267,273,2023-11-13,completed
1268,357,2020-07-12,completed
1269,56,2020-04-09,completed
1270,411,2021-07-21,refunded
1271,523,2022-11-14,refunded
1272,623,2024-03-06,completed
1273,604,2020-07-29,refunded
1274,618,2021-10-19,refunded
1275,665,2020-05-12,cancelled
1276,372,2023-03-09,cancelled
1277,17,2025-10-21,refunded
1278,596,2024-01-30,completed
1279,684,2021-06-12,cancelled
1280,186,2022-09-22,cancelled
1281,163,2022-07-22,cancelled
1282,3,2021-06-22,completed
1283,157,2023-12-29,completed
1284,671,2024-09-17,completed
1285,32,2020-06-20,refunded
1286,491,2020-12-30,cancelled
1287,276,2021-07-27,completed
1288,281,2025-01-13,refunded
1289,483,2022-11-02,completed
1290,649,2025-04-07,refunded
1291,359,2022-06-30,refunded
1292,505,2021-08-08,refunded
1293,355,2024-06-27,cancelled
1294,153,2025-06-21,refunded
1295,179,2021-02-14,refunded
1296,472,2021-11-01,completed
1297,67,2020-10-07,refunded
1298,425,2023-12-24,cancelled
1299,335,2025-08-21,cancelled
1300,375,2023-12-27,completed
1301,463,2021-08-11,refunded
1302,394,2024-07-24,cancelled
1303,157,2023-05-25,cancelled
1304,214,2025-03-31,refunded
1305,511,2022-03-17,completed
1306,129,2023-02-04,refunded
1307,615,2025-03-27,refunded
1308,670,2020-07-31,cancelled
1309,680,2024-08-26,cancelled
1310,556,2020-08-19,cancelled
1311,527,2022-06-11,refunded
1312,44,2023-04-23,completed
1313,194,2025-06-07,completed
1314,141,2023-08-17,cancelled
1315,313,2025-09-18,cancelled
1316,182,2025-12-24,completed
1317,330,2023-02-19,completed
1318,546,2024-02-06,refunded
1319,433,2024-07-28,refunded
1320,533,2025-11-15,cancelled
1321,157,2024-07-21,cancelled
1322,438,2024-10-31,cancelled
1323,127,2021-01-14,completed
1324,328,2025-10-20,cancelled
1325,538,2025-06-13,refunded
1326,16,2022-11-19,refunded
1327,412,2024-09-01,refunded
1328,573,2021-07-26,refunded
1329,581,2025-07-02,refunded
1330,534,2024-03-22,cancelled
1331,644,2022-06-01,refunded
1332,311,2020-01-22,refunded
1333,683,2021-07-10,completed
1334,193,2024-01-18,refunded
1335,698,2021-08-24,completed
1336,287,2021-04-27,cancelled
1337,18,2020-01-17,cancelled
1338,333,2024-02-13,refunded
1339,250,2025-08-06,cancelled
1340,146,2023-11-26,cancelled
1341,197,2022-05-23,refunded
1342,285,2024-11-26,refunded
1343,389,2020-03-27,completed
1344,312,2024-12-20,cancelled
1345,196,2020-11-12,refunded
1346,545,2022-03-14,cancelled
1347,52,2021-11-24,completed
1348,269,2020-07-14,cancelled
1349,20,2020-05-29,cancelled
1350,463,2020-09-27,completed
1351,72,2021-11-25,cancelled
1352,226,2022-04-23,refunded
1353,483,2024-10-21,refunded
1354,225,2021-09-19,completed
1355,621,2022-05-01,cancelled
1356,85,2022-12-03,refunded
1357,248,2021-08-19,completed
1358,383,2024-06-08,cancelled
1359,241,2020-03-09,refunded
1360,214,2022-12-20,completed
1361,65,2021-10-12,completed
1362,490,2020-01-30,refunded
1363,176,2024-11-18,completed
1364,337,2025-04-07,refunded
1365,589,2021-03-28,cancelled
1366,299,2024-05-26,completed
1367,422,2022-04-16,cancelled
1368,237,2025-10-14,refunded
1369,372,2024-07-02,completed
1370,371,2021-11-03,refunded
1371,469,2024-04-10,cancelled
1372,374,2025-04-30,refunded
1373,700,2022-05-28,cancelled
1374,294,2023-11-14,refunded
1375,368,2025-02-04,completed
1376,588,2021-08-19,completed
1377,428,2023-01-01,cancelled
1378,327,2025-10-15,completed
1379,377,2022-12-28,refunded
1380,440,2024-01-23,refunded
1381,232,2021-04-17,completed
1382,324,2024-05-02,cancelled
1383,542,2021-11-20,cancelled
1384,161,2022-07-22,cancelled
1385,398,2021-01-22,completed
1386,629,2021-11-14,completed
1387,423,2024-05-16,completed
1388,700,2023-01-13,completed
1389,504,2022-05-28,completed
1390,559,2023-11-14,refunded
1391,276,2025-11-19,cancelled
1392,124,2025-01-15,refunded
1393,199,2024-03-14,completed
1394,189,2020-06-20,completed
1395,442,2022-10-19,refunded
1396,165,2023-06-16,cancelled
1397,353,2024-12-15,completed
1398,396,2023-11-08,refunded
1399,139,2023-01-28,cancelled
1400,334,2023-06-15,cancelled
1401,434,2023-05-01,completed
1402,110,2024-02-15,completed
1403,435,2025-09-16,cancelled
1404,429,2020-06-06,completed
1405,645,2023-10-20,refunded
1406,173,2025-08-03,completed
1407,49,2023-03-23,cancelled
1408,517,2023-02-19,completed
1409,293,2025-09-15,completed
1410,589,2025-09-04,cancelled
1411,51,2021-04-27,refunded
1412,78,2020-06-28,completed
1413,247,2021-06-03,completed
1414,63,2024-01-18,refunded
1415,521,2024-04-27,completed
1416,632,2020-12-12,refunded
1417,482,2023-09-14,completed
1418,184,2024-02-27,refunded
1419,672,2025-09-20,refunded
1420,362,2021-11-04,cancelled
1421,646,2023-11-17,refunded
1422,113,2020-04-02,cancelled
1423,176,2024-09-02,completed
1424,236,2025-02-28,refunded
1425,636,2025-07-03,completed
1426,414,2020-03-16,cancelled
1427,423,2022-05-17,cancelled
1428,279,2024-11-13,refunded
1429,488,2024-08-17,refunded
1430,469,2023-07-26,completed
1431,115,2024-04-30,completed
1432,372,2024-12-31,completed
1433,335,2023-06-14,refunded
1434,197,2025-07-25,completed
1435,135,2023-08-20,cancelled
1436,247,2025-06-03,refunded
1437,467,2022-07-06,refunded
1438,79,2022-02-06,refunded
1439,371,2023-04-18,cancelled
1440,366,2023-10-29,cancelled
1441,305,2022-08-04,refunded
1442,324,2022-10-31,completed
1443,307,2022-04-22,refunded
1444,110,2021-11-09,completed
1445,45,2021-04-03,completed
1446,18,2021-11-18,completed
1447,369,2023-05-08,cancelled
1448,576,2022-03-04,cancelled
1449,46,2020-09-09,cancelled
1450,468,2021-11-11,cancelled
1451,530,2023-03-27,completed
1452,575,2023-12-05,refunded
1453,203,2024-04-24,refunded
1454,455,2025-03-24,cancelled
1455,337,2021-01-29,completed
1456,188,2023-08-24,refunded
1457,438,2025-06-11,completed
1458,218,2020-09-29,completed
1459,103,2024-07-25,completed
1460,190,2025-06-24,cancelled
1461,396,2022-10-27,cancelled
1462,478,2020-08-06,cancelled
1463,222,2025-04-14,cancelled
1464,236,2025-07-24,refunded
1465,504,2023-10-18,cancelled
1466,675,2020-11-24,refunded
1467,578,2025-07-14,cancelled
1468,79,2025-04-20,cancelled
1469,549,2021-10-13,cancelled
1470,602,2022-11-01,cancelled
1471,198,2021-01-29,refunded
1472,242,2023-11-01,refunded
1473,581,2023-11-22,cancelled
1474,235,2024-05-27,completed
1475,590,2025-12-20,completed
1476,195,2020-01-10,cancelled
1477,493,2023-05-22,refunded
1478,551,2020-02-21,cancelled
1479,11,2023-07-11,cancelled
1480,268,2023-06-05,completed
1481,169,2025-03-05,cancelled
1482,45,2023-08-18,cancelled
1483,56,2021-11-06,refunded
1484,204,2022-03-11,refunded
1485,516,2022-03-07,completed
1486,362,2022-11-21,completed
1487,481,2025-12-16,completed
1488,324,2022-12-26,cancelled
1489,399,2021-06-12,cancelled
1490,303,2025-09-16,cancelled
1491,559,2023-04-28,cancelled
1492,512,2024-10-22,refunded
1493,567,2024-10-24,refunded
1494,102,2023-10-27,cancelled
1495,450,2022-04-01,refunded
1496,290,2021-06-28,refunded
1497,617,2021-11-19,cancelled
1498,2,2020-07-26,completed
1499,651,2023-05-10,cancelled
1500,205,2022-07-06,cancelled
1501,396,2021-07-29,cancelled
1502,178,2020-11-02,refunded
1503,85,2024-08-06,cancelled
1504,185,2024-02-06,completed
1505,99,2025-05-17,refunded
1506,629,2025-09-15,completed
1507,381,2025-06-28,refunded
1508,611,2025-11-24,refunded
1509,688,2020-05-15,completed
1510,684,2025-10-20,completed
1511,245,2025-12-25,cancelled
1512,580,2023-11-12,cancelled
1513,160,2024-02-28,completed
1514,430,2022-01-10,completed
1515,23,2023-12-28,refunded
1516,550,2021-06-02,cancelled
1517,164,2024-05-19,refunded
1518,486,2024-01-02,completed
1519,349,2021-01-23,refunded
1520,43,2021-01-24,completed
1521,647,2023-10-26,refunded
1522,571,2023-09-21,refunded
1523,675,2024-06-10,refunded
1524,343,2023-07-17,completed
1525,597,2025-05-14,refunded
1526,620,2024-02-21,cancelled
1527,11,2023-09-21,completed
1528,635,2025-07-10,completed
1529,8,2024-06-12,cancelled
1530,609,2021-06-28,refunded
1531,267,2022-02-08,cancelled
1532,270,2025-04-21,completed
1533,39,2025-06-01,cancelled
1534,557,2020-02-29,completed
1535,646,2024-09-20,completed
1536,102,2022-10-03,cancelled
1537,339,2023-07-19,completed
1538,370,2021-07-19,completed
1539,358,2022-02-22,refunded
1540,482,2021-02-01,refunded
1541,247,2023-10-02,refunded
1542,131,2021-11-09,completed
1543,206,2021-06-03,refunded
1544,437,2020-08-23,refunded
1545,147,2022-04-01,refunded
1546,259,2024-09-15,refunded
1547,413,2024-01-23,refunded
1548,87,2020-10-02,cancelled
1549,120,2021-10-03,completed
1550,190,2021-11-18,cancelled
1551,461,2021-11-09,completed
1552,476,2021-03-20,completed
1553,201,2022-03-16,refunded
1554,250,2024-02-09,completed
1555,27,2023-09-17,cancelled
1556,117,2021-06-17,refunded
1557,107,2020-07-31,completed
1558,440,2020-05-16,completed
1559,9,2024-10-07,refunded
1560,25,2020-11-11,refunded
1561,663,2025-05-17,completed
1562,70,2023-11-06,completed
1563,18,2022-07-11,cancelled
1564,256,2023-01-08,completed
1565,287,2025-11-13,cancelled
1566,406,2022-02-25,completed
1567,135,2020-01-25,cancelled
1568,275,2020-10-26,cancelled
1569,110,2021-10-03,completed
1570,305,2024-01-09,refunded
1571,698,2024-07-26,refunded
1572,87,2020-07-27,completed
1573,668,2020-04-23,cancelled
1574,482,2022-10-12,refunded
1575,181,2025-09-28,completed
1576,362,2025-04-22,refunded
1577,197,2020-05-12,refunded
1578,58,2025-04-19,refunded
1579,313,2022-10-26,cancelled
1580,342,2025-03-05,completed
1581,569,2022-07-07,completed
1582,59,2022-02-06,completed
1583,176,2021-09-25,completed
1584,114,2022-05-04,completed
1585,468,2023-03-07,completed
1586,262,2025-01-23,completed
1587,479,2022-11-01,completed
1588,157,2025-02-02,refunded
1589,534,2020-06-10,completed
1590,561,2020-10-11,completed
1591,95,2021-02-25,completed
1592,638,2022-09-05,refunded
1593,283,2022-12-13,completed
1594,3,2024-06-02,cancelled
1595,316,2022-06-21,completed
1596,356,2024-04-24,cancelled
1597,623,2023-07-01,refunded
1598,605,2021-08-27,cancelled
1599,139,2022-11-20,cancelled
1600,656,2025-07-02,completed
1601,41,2023-04-06,completed
1602,333,2024-07-20,cancelled
1603,373,2022-08-29,refunded
1604,437,2024-03-31,refunded
1605,453,2021-12-23,cancelled
1606,45,2020-11-09,cancelled
1607,245,2023-05-02,cancelled
1608,27,2022-04-16,cancelled
1609,672,2024-09-04,completed
1610,425,2022-06-13,refunded
1611,404,2024-06-05,completed
1612,464,2020-10-10,completed
1613,470,2024-10-08,completed
1614,312,2020-06-18,refunded
1615,550,2023-06-13,completed
1616,459,2022-12-06,refunded
1617,54,2024-09-04,completed
1618,679,2024-02-26,completed
1619,228,2022-05-24,completed
1620,23,2022-12-14,completed
1621,615,2021-05-05,refunded
1622,257,2024-04-26,refunded
1623,458,2021-01-30,completed
1624,338,2025-09-29,cancelled
1625,471,2025-09-15,refunded
1626,325,2024-02-02,completed
1627,362,2020-12-19,cancelled
1628,394,2025-12-06,cancelled
1629,512,2020-08-13,cancelled
1630,253,2022-04-18,cancelled
1631,651,2023-03-04,cancelled
1632,695,2022-10-27,cancelled
1633,358,2022-09-12,cancelled
1634,150,2023-06-29,refunded
1635,171,2025-07-30,cancelled
1636,220,2022-06-14,cancelled
1637,328,2020-03-31,refunded
1638,202,2021-08-17,refunded
1639,424,2020-08-12,refunded
1640,107,2021-04-15,cancelled
1641,231,2021-05-30,completed
1642,652,2024-03-18,completed
1643,165,2020-03-28,refunded
1644,538,2024-03-26,completed
1645,350,2025-09-20,refunded
1646,88,2024-10-24,completed
1647,472,2022-03-19,completed
1648,406,2021-12-13,cancelled
1649,595,2021-12-10,completed
1650,468,2025-03-03,cancelled
1651,32,2020-04-01,cancelled
1652,229,2024-07-23,completed
1653,88,2021-03-07,cancelled
1654,343,2020-04-11,cancelled
1655,60,2024-01-05,cancelled
1656,675,2020-06-10,completed
1657,625,2022-07-13,completed
1658,528,2022-10-14,refunded
1659,650,2024-03-05,completed
1660,511,2020-09-14,completed
1661,513,2023-01-14,refunded
1662,143,2025-07-01,refunded
1663,430,2025-06-23,refunded
1664,330,2025-06-07,completed
1665,649,2025-02-24,completed
1666,474,2022-03-05,completed
1667,314,2023-07-18,completed
1668,605,2025-12-14,cancelled
1669,114,2023-04-24,cancelled
1670,457,2024-03-25,cancelled
1671,189,2022-04-10,refunded
1672,39,2022-01-02,refunded
1673,424,2024-07-29,refunded
1674,450,2020-03-25,completed
1675,285,2025-12-07,completed
1676,609,2024-12-06,refunded
1677,607,2022-09-17,completed
1678,126,2022-01-17,refunded
1679,577,2020-04-29,completed
1680,255,2023-10-28,cancelled
1681,43,2020-02-27,refunded
1682,272,2023-11-09,refunded
1683,335,2021-03-02,cancelled
1684,339,2021-08-08,completed
1685,545,2021-07-17,completed
1686,598,2025-01-05,completed
1687,672,2025-04-09,completed
1688,62,2022-04-28,refunded
1689,204,2020-05-30,completed
1690,375,2022-11-10,refunded
1691,225,2022-01-26,refunded
1692,258,2023-03-24,cancelled
1693,193,2023-03-28,cancelled
1694,237,2022-05-30,completed
1695,356,2023-01-09,cancelled
1696,452,2025-04-16,cancelled
1697,3,2025-04-10,completed
1698,451,2020-03-19,completed
1699,27,2024-07-22,cancelled
1700,557,2020-07-03,completed
1701,501,2021-07-19,cancelled
1702,4,2025-01-02,refunded
1703,301,2025-02-28,completed
1704,639,2025-02-01,completed
1705,627,2023-05-20,completed
1706,302,2023-12-07,cancelled
1707,611,2022-12-26,cancelled
1708,165,2025-01-29,cancelled
1709,20,2021-09-19,completed
1710,121,2022-08-01,completed
1711,47,2021-08-22,refunded
1712,225,2020-05-28,completed
1713,618,2021-06-18,completed
1714,476,2025-08-08,cancelled
1715,276,2024-09-08,completed
1716,392,2025-04-25,cancelled
1717,295,2022-03-22,cancelled
1718,232,2020-07-09,refunded
1719,457,2021-02-10,completed
1720,57,2021-11-09,refunded
1721,219,2024-02-02,cancelled
1722,492,2021-10-05,completed
1723,71,2023-10-28,completed
1724,672,2020-06-06,completed
1725,586,2025-02-20,cancelled
1726,536,2025-02-11,cancelled
1727,647,2023-10-07,cancelled
1728,530,2021-10-18,refunded
1729,125,2020-03-27,refunded
1730,567,2021-10-20,refunded
1731,278,2021-11-15,completed
1732,615,2022-07-18,refunded
1733,190,2020-01-26,cancelled
1734,255,2024-06-16,completed
1735,552,2020-05-27,cancelled
1736,483,2023-04-29,refunded
1737,511,2022-09-28,refunded
1738,46,2021-09-22,refunded
1739,444,2022-06-25,completed
1740,559,2021-05-06,refunded
1741,685,2021-10-04,completed
1742,595,2024-01-21,refunded
1743,71,2020-07-14,completed
1744,197,2024-05-14,completed
1745,205,2021-04-22,refunded
1746,247,2025-10-30,completed
1747,360,2020-11-27,completed
1748,603,2024-11-27,cancelled
1749,549,2020-08-03,completed
1750,259,2024-04-24,cancelled
1751,514,2024-02-16,refunded
1752,129,2024-07-11,refunded
1753,616,2025-12-08,completed
1754,456,2025-08-12,completed
1755,596,2023-06-16,cancelled
1756,448,2022-05-29,cancelled
1757,360,2022-01-14,refunded
1758,536,2020-10-19,refunded
1759,544,2022-12-14,refunded
1760,539,2023-10-10,completed
1761,527,2024-04-17,refunded
1762,115,2024-12-08,completed
1763,61,2024-04-24,completed
1764,93,2021-08-13,refunded
1765,643,2023-10-05,completed
1766,112,2025-12-23,cancelled
1767,199,2025-07-04,refunded
1768,438,2024-10-11,refunded
1769,270,2022-06-11,completed
1770,180,2021-08-27,refunded
1771,364,2022-01-16,completed
1772,146,2024-02-10,completed
1773,25,2024-07-22,cancelled
1774,576,2024-06-19,cancelled
1775,260,2021-12-12,completed
1776,73,2020-11-25,cancelled
1777,491,2023-08-30,completed
1778,371,2021-01-19,cancelled
1779,476,2022-10-24,cancelled
1780,322,2022-10-24,completed
1781,401,2024-11-21,completed
1782,623,2022-08-12,cancelled
1783,225,2022-02-23,refunded
1784,255,2021-08-09,cancelled
1785,655,2022-10-11,completed
1786,602,2022-12-07,refunded
1787,165,2024-07-12,refunded
1788,489,2020-06-20,refunded
1789,636,2025-11-07,completed
1790,436,2021-04-26,cancelled
1791,204,2022-08-14,completed
1792,532,2025-06-21,cancelled
1793,110,2021-11-14,cancelled
1794,637,2022-05-12,refunded
1795,189,2023-06-30,refunded
1796,422,2023-05-19,refunded
1797,619,2024-10-17,completed
1798,685,2020-08-10,refunded
1799,473,2021-05-18,completed
1800,424,2025-09-21,completed
1801,44,2025-03-18,cancelled
1802,246,2021-07-07,completed
1803,310,2024-12-31,cancelled
1804,573,2022-11-01,completed
1805,417,2021-04-22,completed
1806,288,2021-04-20,completed
1807,431,2025-08-31,refunded
1808,400,2021-03-01,cancelled
1809,235,2025-08-16,cancelled
1810,588,2021-11-12,completed
1811,526,2023-06-04,completed
1812,127,2022-06-02,cancelled
1813,92,2023-03-09,refunded
1814,510,2025-04-27,completed
1815,682,2022-05-18,cancelled
1816,204,2020-12-17,completed
1817,351,2023-08-22,completed
1818,311,2021-03-28,completed
1819,442,2023-02-17,refunded
1820,18,2023-06-30,refunded
1821,366,2024-12-11,completed
1822,700,2024-11-17,completed
1823,470,2020-08-08,completed
1824,499,2020-06-24,cancelled
1825,674,2021-04-30,completed
1826,464,2024-05-20,cancelled
1827,486,2024-09-20,completed
1828,690,2024-01-28,refunded
1829,531,2023-04-15,cancelled
1830,532,2024-09-23,refunded
1831,526,2024-07-03,refunded
1832,548,2023-01-15,cancelled
1833,106,2025-05-19,cancelled
1834,383,2024-04-14,completed
1835,145,2022-02-12,refunded
1836,683,2023-01-05,cancelled
1837,166,2021-05-02,cancelled
1838,461,2022-11-10,cancelled
1839,637,2022-05-02,cancelled
1840,462,2021-11-24,refunded
1841,491,2022-04-03,completed
1842,666,2020-09-07,cancelled
1843,612,2025-12-28,completed
1844,553,2023-01-24,completed
1845,396,2025-08-18,refunded
1846,367,2025-02-15,cancelled
1847,536,2025-05-14,cancelled
1848,379,2022-05-04,completed
1849,109,2020-09-13,refunded
1850,407,2022-07-29,refunded
1851,114,2020-10-13,refunded
1852,28,2023-11-25,completed
1853,538,2021-07-05,cancelled
1854,667,2020-11-14,completed
1855,201,2025-01-14,cancelled
1856,204,2023-09-06,completed
1857,672,2020-06-23,completed
1858,149,2025-05-18,cancelled
1859,13,2024-01-06,refunded
1860,387,2020-12-15,cancelled
1861,243,2022-02-13,cancelled
1862,169,2021-01-30,refunded
1863,10,2022-01-22,refunded
1864,366,2021-02-23,refunded
1865,662,2025-12-31,completed
1866,641,2022-03-13,refunded
1867,280,2021-12-21,refunded
1868,595,2024-12-17,cancelled
1869,103,2022-11-19,refunded
1870,408,2022-07-03,refunded
1871,33,2022-08-19,refunded
1872,548,2021-01-23,refunded
1873,511,2023-03-21,cancelled
1874,258,2025-09-12,completed
1875,220,2021-04-28,completed
1876,235,2021-04-15,completed
1877,185,2022-08-14,refunded
1878,581,2024-11-16,cancelled
1879,106,2025-03-22,completed
1880,373,2023-07-20,completed
1881,91,2021-04-08,cancelled
1882,237,2023-01-18,completed
1883,625,2024-12-27,completed
1884,651,2022-10-05,cancelled
1885,191,2021-01-10,completed
1886,28,2020-05-04,refunded
1887,383,2020-02-19,cancelled
1888,420,2024-03-12,cancelled
1889,562,2023-07-12,refunded
1890,119,2023-03-26,refunded
1891,67,2023-11-18,completed
1892,339,2021-12-14,refunded
1893,513,2025-04-19,refunded
1894,543,2020-07-25,completed
1895,18,2024-02-19,cancelled
1896,388,2024-05-14,completed
1897,613,2025-06-28,cancelled
1898,28,2024-11-07,completed
1899,616,2023-12-26,refunded
1900,324,2024-02-16,refunded
1901,367,2023-11-21,refunded
1902,14,2020-10-18,refunded
1903,632,2021-12-31,completed
1904,239,2024-08-26,refunded
1905,442,2022-07-02,refunded
1906,657,2024-10-28,completed
1907,623,2020-04-11,completed
1908,251,2025-02-01,refunded
1909,41,2021-04-18,cancelled
1910,355,2023-10-19,completed
1911,28,2020-05-09,refunded
1912,335,2022-01-26,completed
1913,401,2021-09-24,completed
1914,231,2022-09-26,refunded
1915,611,2025-06-26,completed
1916,117,2022-06-15,completed
1917,525,2020-12-18,refunded
1918,455,2022-05-20,cancelled
1919,284,2024-05-30,completed
1920,670,2020-04-20,refunded
1921,554,2023-06-08,cancelled
1922,176,2021-06-22,completed
1923,494,2024-01-26,refunded
1924,611,2023-05-24,refunded
1925,284,2020-04-23,refunded
1926,539,2021-05-09,refunded
1927,236,2024-04-30,completed
1928,95,2023-03-21,cancelled
1929,690,2025-09-09,refunded
1930,422,2022-11-10,refunded
1931,36,2022-09-03,completed
1932,363,2023-08-23,completed
1933,572,2020-06-24,cancelled
1934,101,2021-08-31,cancelled
1935,567,2024-07-14,completed
1936,133,2021-08-02,cancelled
1937,117,2023-10-13,completed
1938,445,2021-12-21,cancelled
1939,339,2024-03-21,cancelled
1940,448,2025-12-17,completed
1941,486,2024-01-30,completed
1942,310,2023-08-18,cancelled
1943,138,2022-07-03,cancelled
1944,494,2025-11-13,completed
1945,6,2023-09-20,completed
1946,274,2023-11-26,cancelled
1947,351,2025-05-30,cancelled
1948,314,2022-01-28,completed
1949,331,2023-11-18,refunded
1950,387,2022-10-07,cancelled
1951,100,2022-03-27,cancelled
1952,375,2023-10-04,completed
1953,10,2023-11-14,completed
1954,176,2023-12-13,cancelled
1955,264,2020-08-30,refunded
1956,195,2022-11-25,cancelled
1957,431,2022-04-20,completed
1958,366,2023-09-29,completed
1959,131,2025-11-20,cancelled
1960,382,2024-09-14,refunded
1961,303,2021-11-12,refunded
1962,432,2024-05-26,completed
1963,375,2024-01-25,completed
1964,60,2024-06-11,completed
1965,116,2020-07-21,cancelled
1966,547,2023-07-30,completed
1967,696,2020-09-14,refunded
1968,169,2025-11-06,cancelled
1969,113,2022-01-26,completed
1970,355,2024-04-05,refunded
1971,589,2023-08-10,cancelled
1972,169,2025-04-08,cancelled
1973,303,2025-11-18,refunded
1974,511,2023-06-10,cancelled
1975,469,2020-08-25,cancelled
1976,211,2021-06-26,cancelled
1977,475,2024-12-12,cancelled
1978,206,2022-02-07,completed
1979,620,2025-12-18,refunded
1980,78,2020-02-04,refunded
1981,403,2023-11-28,cancelled
1982,665,2024-02-07,refunded
1983,285,2024-12-20,completed
1984,339,2022-02-04,completed
1985,636,2021-12-01,completed
1986,563,2023-07-21,completed
1987,67,2022-02-04,refunded
1988,326,2021-02-10,completed
1989,375,2021-04-15,cancelled
1990,488,2024-01-26,cancelled
1991,4,2020-01-07,completed
1992,264,2021-06-15,refunded
1993,41,2021-07-06,cancelled
1994,121,2024-04-20,refunded
1995,312,2020-05-02,cancelled
1996,482,2022-12-08,completed
1997,695,2020-01-23,refunded
1998,380,2022-12-30,cancelled
1999,7,2024-02-08,completed
2000,622,2023-09-30,completed
2001,687,2023-01-12,refunded
2002,259,2024-04-02,refunded
2003,327,2024-09-14,refunded
2004,657,2024-05-27,cancelled
2005,393,2021-01-15,completed
2006,178,2024-05-13,cancelled
2007,669,2022-06-15,refunded
2008,420,2020-02-20,completed
2009,248,2022-12-21,refunded
2010,142,2022-11-18,completed
2011,637,2023-08-06,refunded
2012,558,2020-07-12,completed
2013,262,2025-07-18,refunded
2014,141,2024-06-02,cancelled
2015,105,2025-05-16,cancelled
2016,205,2023-10-07,cancelled
2017,432,2020-10-14,cancelled
2018,288,2024-06-22,completed
2019,136,2025-12-23,completed
2020,182,2023-09-25,completed
2021,354,2022-05-31,completed
2022,684,2025-04-13,refunded
2023,174,2020-06-22,cancelled
2024,641,2024-10-09,cancelled
2025,44,2021-08-22,refunded
2026,369,2024-07-06,cancelled
2027,407,2021-08-01,completed
2028,140,2020-11-13,completed
2029,115,2023-02-21,completed
2030,537,2025-09-14,refunded
2031,74,2024-07-05,refunded
2032,436,2020-02-07,completed
2033,170,2025-08-21,refunded
2034,578,2022-12-04,completed
2035,217,2025-02-03,refunded
2036,555,2023-08-23,refunded
2037,191,2024-11-05,refunded
2038,507,2022-01-12,cancelled
2039,686,2023-04-15,refunded
2040,475,2022-10-19,completed
2041,648,2022-02-02,refunded
2042,521,2021-12-12,completed
2043,361,2020-05-21,completed
2044,140,2025-10-03,completed
2045,421,2020-11-27,refunded
2046,207,2022-04-13,refunded
2047,620,2023-02-03,refunded
2048,631,2023-06-17,cancelled
2049,212,2021-02-02,completed
2050,158,2022-06-26,refunded
2051,408,2024-11-12,completed
2052,554,2025-10-18,cancelled
2053,372,2021-12-23,completed
2054,632,2022-04-07,refunded
2055,566,2022-05-06,completed
2056,260,2024-07-05,cancelled
2057,668,2024-01-03,refunded
2058,139,2021-06-09,completed
2059,292,2022-10-25,cancelled
2060,625,2024-05-28,cancelled
2061,585,2020-09-07,cancelled
2062,695,2024-05-21,refunded
2063,177,2024-09-26,cancelled
2064,458,2020-01-25,refunded
2065,301,2021-09-20,refunded
2066,541,2022-10-19,refunded
2067,599,2024-02-28,refunded
2068,597,2021-01-27,refunded
2069,73,2023-11-13,refunded
2070,125,2020-05-10,cancelled
2071,610,2023-01-21,completed
2072,294,2022-05-25,completed
2073,242,2025-07-25,cancelled
2074,102,2021-08-18,completed
2075,299,2020-05-15,cancelled
2076,514,2020-11-30,completed
2077,77,2024-03-24,refunded
2078,285,2025-07-23,cancelled
2079,693,2020-09-06,refunded
2080,94,2021-01-02,completed
2081,368,2021-06-30,cancelled
2082,141,2021-07-08,cancelled
2083,138,2023-04-23,completed
2084,214,2020-07-24,cancelled
2085,78,2021-12-25,cancelled
2086,377,2022-10-05,refunded
2087,430,2023-11-04,completed
2088,563,2023-05-30,completed
2089,67,2024-12-15,refunded
2090,45,2024-09-11,completed
2091,691,2020-06-29,completed
2092,5,2024-11-15,refunded
2093,378,2021-06-26,refunded
2094,656,2020-09-23,completed
2095,319,2023-04-16,completed
2096,640,2021-09-16,completed
2097,227,2025-06-29,cancelled
2098,57,2020-04-12,cancelled
2099,502,2021-10-12,refunded
2100,395,2021-03-17,cancelled
2101,444,2021-10-11,completed
2102,157,2025-07-26,completed
2103,278,2023-11-21,cancelled
2104,188,2020-05-28,refunded
2105,152,2023-11-04,cancelled
2106,63,2020-12-28,cancelled
2107,298,2022-11-16,completed
2108,404,2023-08-05,cancelled
2109,437,2022-07-08,completed
2110,308,2020-10-11,refunded
2111,39,2024-06-10,cancelled
2112,564,2021-08-12,cancelled
2113,149,2023-11-20,cancelled
2114,645,2025-06-25,refunded
2115,649,2024-12-02,completed
2116,221,2025-10-14,completed
2117,138,2021-03-09,completed
2118,79,2023-09-03,completed
2119,36,2025-09-05,cancelled
2120,354,2021-08-25,cancelled
2121,601,2023-09-20,cancelled
2122,312,2021-10-19,cancelled
2123,572,2021-05-07,refunded
2124,269,2020-10-22,cancelled
2125,571,2025-04-11,refunded
2126,564,2023-10-31,cancelled
2127,516,2024-01-20,refunded
2128,534,2021-05-23,cancelled
2129,124,2020-03-23,refunded
2130,368,2023-09-26,completed
2131,516,2024-11-05,cancelled
2132,290,2023-03-18,cancelled
2133,590,2025-08-18,cancelled
2134,593,2024-01-06,completed
2135,41,2025-10-28,completed
2136,28,2021-01-20,cancelled
2137,547,2024-09-29,cancelled
2138,50,2021-05-03,cancelled
2139,472,2022-09-21,cancelled
2140,179,2021-04-22,completed
2141,588,2021-10-01,refunded
2142,79,2025-07-30,completed
2143,510,2023-09-21,refunded
2144,107,2021-08-17,refunded
2145,656,2024-05-18,refunded
2146,285,2021-12-25,completed
2147,50,2023-06-19,completed
2148,491,2020-10-22,refunded
2149,183,2022-08-18,completed
2150,139,2020-03-09,completed
2151,423,2022-12-17,cancelled
2152,323,2022-12-08,refunded
2153,363,2024-02-06,refunded
2154,4,2025-08-18,cancelled
2155,91,2024-07-21,completed
2156,105,2025-09-30,refunded
2157,505,2025-02-18,refunded
2158,618,2021-03-14,refunded
2159,174,2020-07-09,cancelled
2160,391,2020-07-22,refunded
2161,293,2021-04-12,refunded
2162,485,2021-03-24,completed
2163,184,2022-10-09,cancelled
2164,80,2022-09-19,completed
2165,443,2024-06-27,cancelled
2166,318,2021-07-12,refunded
2167,560,2023-10-12,refunded
2168,444,2024-03-30,refunded
2169,209,2020-04-15,refunded
2170,172,2020-06-19,cancelled
2171,590,2023-02-02,refunded
2172,167,2021-06-19,cancelled
2173,93,2024-08-28,completed
2174,614,2025-11-27,cancelled
2175,640,2023-11-24,completed
2176,470,2023-03-15,cancelled
2177,193,2022-08-18,completed
2178,668,2024-11-11,refunded
2179,439,2024-10-23,completed
2180,562,2025-06-06,completed
2181,592,2023-01-02,completed
2182,161,2021-07-16,refunded
2183,14,2021-07-07,cancelled
2184,665,2023-06-19,completed
2185,677,2022-10-03,completed
2186,244,2024-08-08,cancelled
2187,412,2022-02-25,refunded
2188,116,2020-07-17,completed
2189,33,2023-04-09,cancelled
2190,335,2021-07-05,completed
2191,281,2023-09-17,refunded
2192,627,2021-03-16,completed
2193,23,2020-07-02,cancelled
2194,510,2020-03-05,completed
2195,261,2024-09-06,refunded
2196,431,2023-08-15,refunded
2197,327,2025-09-30,cancelled
2198,545,2025-04-15,completed
2199,405,2022-08-16,cancelled
2200,20,2025-04-07,cancelled
2201,593,2024-03-13,cancelled
2202,600,2020-06-25,completed
2203,170,2023-04-28,completed
2204,336,2020-10-10,refunded
2205,148,2021-05-17,refunded
2206,376,2023-09-10,completed
2207,630,2022-03-12,refunded
2208,254,2024-01-16,refunded
2209,166,2022-04-02,completed
2210,503,2020-07-18,refunded
2211,477,2020-06-01,cancelled
2212,230,2021-09-30,refunded
2213,111,2022-09-24,cancelled
2214,230,2025-12-21,cancelled
2215,267,2023-11-29,cancelled
2216,430,2020-04-14,completed
2217,542,2020-02-09,refunded
2218,505,2023-07-24,completed
2219,446,2020-08-03,completed
2220,237,2021-09-29,completed
2221,140,2021-11-23,refunded
2222,644,2021-03-20,completed
2223,197,2023-02-21,cancelled
2224,222,2025-08-12,cancelled
2225,369,2025-09-27,refunded
2226,245,2021-06-22,cancelled
2227,522,2025-06-12,cancelled
2228,605,2025-06-06,cancelled
2229,525,2025-09-04,cancelled
2230,597,2024-11-26,refunded
2231,296,2025-04-30,cancelled
2232,504,2021-08-23,cancelled
2233,294,2023-04-05,completed
2234,391,2023-03-07,cancelled
2235,49,2022-08-11,cancelled
2236,506,2023-01-19,completed
2237,4,2021-01-15,cancelled
2238,233,2021-02-06,completed
2239,3,2022-01-16,cancelled
2240,4,2020-06-03,completed
2241,37,2023-01-01,completed
2242,628,2020-08-07,completed
2243,274,2024-04-28,refunded
2244,25,2022-12-07,refunded
2245,318,2021-03-08,completed
2246,594,2025-01-29,cancelled
2247,4,2020-08-11,completed
2248,502,2025-05-03,refunded
2249,194,2021-08-14,completed
2250,582,2020-11-12,cancelled
2251,55,2021-05-28,completed
2252,563,2025-06-22,completed
2253,501,2020-04-17,completed
2254,116,2022-05-08,completed
2255,327,2022-06-30,completed
2256,85,2021-02-24,refunded
2257,139,2024-02-03,cancelled
2258,619,2023-03-07,refunded
2259,413,2025-04-16,cancelled
2260,115,2022-01-04,cancelled
2261,414,2020-09-29,completed
2262,249,2020-04-13,completed
2263,350,2024-09-21,refunded
2264,7,2025-09-29,completed
2265,261,2024-03-22,refunded
2266,82,2022-04-10,cancelled
2267,224,2023-07-07,cancelled
2268,261,2021-11-19,cancelled
2269,91,2021-05-09,cancelled
2270,218,2021-03-28,refunded
2271,314,2025-11-03,refunded
2272,39,2025-05-23,refunded
2273,403,2025-09-02,refunded
2274,433,2023-09-17,cancelled
2275,497,2022-05-23,completed
2276,277,2021-03-24,cancelled
2277,640,2022-07-22,refunded
2278,209,2024-01-11,refunded
2279,678,2025-11-02,completed
2280,141,2021-09-19,cancelled
2281,586,2025-08-25,refunded
2282,274,2025-01-30,cancelled
2283,570,2024-07-01,cancelled
2284,513,2025-10-06,refunded
2285,528,2025-02-04,cancelled
2286,651,2020-03-10,completed
2287,4,2020-05-22,completed
2288,431,2025-06-21,refunded
2289,522,2025-04-25,refunded
2290,680,2023-09-21,cancelled
2291,85,2022-03-02,refunded
2292,307,2021-09-08,refunded
2293,666,2021-02-11,refunded
2294,605,2020-01-08,refunded
2295,146,2021-09-23,cancelled
2296,621,2024-03-03,completed
2297,566,2024-12-08,cancelled
2298,464,2021-05-11,refunded
2299,661,2023-10-02,refunded
2300,682,2023-11-10,completed
2301,65,2025-05-17,completed
2302,191,2024-06-22,refunded
2303,151,2024-09-13,completed
2304,68,2021-12-24,cancelled
2305,133,2024-08-07,refunded
2306,273,2024-12-24,refunded
2307,576,2020-10-12,refunded
2308,137,2024-11-17,completed
2309,208,2024-04-18,completed
2310,481,2020-03-26,completed
2311,254,2022-03-23,cancelled
2312,14,2021-08-24,cancelled
2313,569,2024-03-06,completed
2314,469,2022-06-10,cancelled
2315,282,2022-11-28,refunded
2316,214,2025-03-30,completed
2317,457,2024-09-10,cancelled
2318,576,2020-09-21,completed
2319,9,2022-12-07,refunded
2320,570,2023-02-09,cancelled
2321,166,2023-11-01,cancelled
2322,419,2020-09-05,cancelled
2323,208,2021-08-13,completed
2324,99,2024-03-08,refunded
2325,678,2021-04-19,cancelled
2326,528,2020-09-07,cancelled
2327,639,2023-10-16,refunded
2328,71,2025-06-30,refunded
2329,678,2020-04-28,cancelled
2330,456,2020-05-18,refunded
2331,178,2022-08-05,completed
2332,53,2024-03-22,refunded
2333,419,2021-03-29,completed
2334,512,2025-05-13,cancelled
2335,626,2025-04-21,refunded
2336,302,2021-09-27,refunded
2337,227,2024-11-11,refunded
2338,523,2021-06-01,completed
2339,160,2024-10-27,completed
2340,438,2024-03-04,cancelled
2341,680,2022-11-21,cancelled
2342,381,2025-08-09,completed
2343,665,2022-10-30,refunded
2344,10,2022-12-21,cancelled
2345,123,2023-10-21,cancelled
2346,287,2020-04-20,completed
2347,264,2024-09-03,completed
2348,109,2022-08-18,cancelled
2349,438,2020-08-28,completed
2350,351,2021-07-04,refunded
2351,490,2024-04-08,refunded
2352,59,2024-07-16,completed
2353,468,2020-06-14,completed
2354,521,2021-03-11,completed
2355,109,2025-04-23,cancelled
2356,559,2022-08-27,completed
2357,142,2021-08-09,refunded
2358,638,2024-01-16,completed
2359,189,2021-02-23,completed
2360,637,2022-12-06,refunded
2361,696,2023-04-30,refunded
2362,14,2023-05-25,cancelled
2363,284,2021-10-23,completed
2364,554,2020-12-11,refunded
2365,605,2020-07-22,cancelled
2366,348,2024-03-31,completed
2367,375,2024-06-10,completed
2368,270,2020-04-11,completed
2369,533,2020-03-27,cancelled
2370,309,2022-03-03,completed
2371,349,2021-01-14,refunded
2372,485,2022-07-19,completed
2373,629,2020-03-09,refunded
2374,282,2023-03-26,refunded
2375,532,2020-01-10,cancelled
2376,650,2025-12-20,refunded
2377,535,2022-01-29,cancelled
2378,242,2022-01-17,cancelled
2379,505,2022-11-12,cancelled
2380,12,2022-09-24,refunded
2381,166,2021-08-23,cancelled
2382,536,2020-06-24,completed
2383,367,2022-09-26,cancelled
2384,527,2024-08-30,cancelled
2385,519,2021-06-19,cancelled
2386,645,2022-05-23,cancelled
2387,372,2024-07-05,completed
2388,572,2024-01-19,cancelled
2389,402,2022-01-11,completed
2390,440,2024-11-11,cancelled
2391,335,2024-01-15,refunded
2392,371,2025-06-05,refunded
2393,330,2023-05-02,completed
2394,198,2022-04-05,cancelled
2395,425,2025-03-13,completed
2396,652,2025-04-12,cancelled
2397,516,2025-04-25,completed
2398,440,2023-08-09,completed
2399,364,2023-01-04,cancelled
2400,280,2020-02-10,completed
2401,354,2022-02-10,completed
2402,601,2024-09-07,completed
2403,350,2024-08-20,cancelled
2404,165,2021-08-09,completed
2405,147,2025-03-08,refunded
2406,378,2023-06-20,cancelled
2407,289,2025-07-25,completed
2408,42,2022-11-22,completed
2409,660,2020-06-08,cancelled
2410,682,2024-08-29,refunded
2411,191,2021-09-16,refunded
2412,507,2025-06-25,cancelled
2413,65,2025-10-03,cancelled
2414,578,2024-07-18,refunded
2415,613,2022-01-13,cancelled
2416,499,2020-08-25,refunded
2417,132,2023-05-18,cancelled
2418,4,2025-05-21,refunded
2419,376,2020-06-23,refunded
2420,115,2021-12-16,refunded
2421,331,2025-04-24,completed
2422,638,2021-10-16,cancelled
2423,677,2022-11-16,refunded
2424,503,2020-06-03,cancelled
2425,533,2021-12-11,cancelled
2426,84,2020-02-22,refunded
2427,340,2022-09-10,refunded
2428,639,2021-02-15,refunded
2429,505,2025-02-20,cancelled
2430,158,2020-07-20,cancelled
2431,209,2021-07-16,refunded
2432,449,2024-02-07,cancelled
2433,633,2023-03-15,refunded
2434,647,2020-01-29,completed
2435,313,2020-08-27,completed
2436,592,2022-07-12,refunded
2437,650,2025-12-12,refunded
2438,355,2025-10-08,refunded
2439,226,2023-06-14,refunded
2440,529,2023-06-27,cancelled
2441,373,2024-03-15,refunded
2442,262,2024-01-29,refunded
2443,575,2025-08-29,cancelled
2444,568,2024-10-31,completed
2445,607,2024-12-21,completed
2446,171,2020-09-08,refunded
2447,339,2020-08-30,cancelled
2448,400,2020-11-12,completed
2449,79,2020-11-30,completed
2450,484,2023-06-30,cancelled
2451,212,2020-05-16,cancelled
2452,503,2023-02-19,refunded
2453,213,2022-08-04,completed
2454,85,2024-12-26,cancelled
2455,514,2022-07-16,refunded
2456,528,2025-12-04,completed
2457,583,2025-01-25,completed
2458,631,2023-07-18,cancelled
2459,152,2020-04-08,refunded
2460,345,2024-07-29,cancelled
2461,689,2024-06-01,refunded
2462,398,2024-07-05,completed
2463,416,2025-12-03,completed
2464,352,2025-02-07,refunded
2465,670,2020-08-03,refunded
2466,499,2022-10-22,refunded
2467,218,2024-07-02,completed
2468,488,2022-06-19,completed
2469,101,2022-02-15,completed
2470,320,2025-06-25,refunded
2471,231,2023-01-13,completed
2472,22,2025-12-31,refunded
2473,554,2022-08-20,cancelled
2474,90,2021-03-29,cancelled
2475,253,2022-05-30,cancelled
2476,637,2021-10-18,refunded
2477,133,2021-05-01,refunded
2478,45,2021-08-13,refunded
2479,361,2025-06-07,completed
2480,252,2020-04-15,cancelled
2481,28,2025-01-23,cancelled
2482,34,2022-02-14,completed
2483,66,2024-07-25,completed
2484,77,2020-08-04,completed
2485,68,2020-01-25,completed
2486,464,2024-03-10,cancelled
2487,55,2024-11-25,refunded
2488,40,2023-12-13,cancelled
2489,490,2022-12-12,refunded
2490,621,2020-09-06,cancelled
2491,308,2021-06-29,completed
2492,561,2020-12-06,refunded
2493,313,2022-05-25,refunded
2494,289,2023-06-11,refunded
2495,537,2024-12-20,cancelled
2496,544,2022-06-19,cancelled
2497,356,2023-05-20,completed
2498,678,2020-09-11,refunded
2499,507,2020-06-27,refunded
2500,522,2021-11-08,refunded
